[{"fields": {"username": "barth", "first_name": "", "last_name": "", "is_active": true, "is_superuser": true, "is_staff": true, "last_login": "2015-05-13T11:35:33.439Z", "groups": [], "user_permissions": [], "password": "pbkdf2_sha256$20000$m83oSNKMpzD4$n8vCwe0BuFp9YNHCE/i41UdlA/EvGjDMjjr8KpeEuzs=", "email": "", "date_joined": "2015-05-09T13:07:56.674Z"}, "model": "auth.user", "pk": 1}, {"fields": {"expire_date": "2015-05-27T11:00:03.165Z", "session_data": "NzdhMDRkYWUyZTdiYmE5MGFmY2JmNThlYTcxZWUyOTI4Njg5OWNmZTp7Il9sYW5ndWFnZSI6ImZyIiwiX2F1dGhfdXNlcl9oYXNoIjoiNmUxNjNiMjUzN2VhOTc2MGRkM2U3MjczODdiODI1MDk2ZTNjY2I4NyIsIl9hdXRoX3VzZXJfaWQiOiIxIiwiX2F1dGhfdXNlcl9iYWNrZW5kIjoiZGphbmdvLmNvbnRyaWIuYXV0aC5iYWNrZW5kcy5Nb2RlbEJhY2tlbmQifQ=="}, "model": "sessions.session", "pk": "6v8mabl74sqbl4jegxla27zuaq93bpgx"}, {"fields": {"expire_date": "2015-05-26T16:24:17.434Z", "session_data": "MmRiNzcwOGQ5NzFjYWFmMjgxMDgwY2ZjYjcxYWMyMDMzYTg5ZmU3MDp7Il9sYW5ndWFnZSI6ImZyIn0="}, "model": "sessions.session", "pk": "6zi1nh7tg5h75zzhcz7vmaa8q0zr13e6"}, {"fields": {"expire_date": "2015-05-26T08:38:40.292Z", "session_data": "MmRiNzcwOGQ5NzFjYWFmMjgxMDgwY2ZjYjcxYWMyMDMzYTg5ZmU3MDp7Il9sYW5ndWFnZSI6ImZyIn0="}, "model": "sessions.session", "pk": "9pkjnqr3b8vk4paq7eb80eb6nydmeoge"}, {"fields": {"expire_date": "2015-05-26T18:51:34.048Z", "session_data": "NGMwZTU2MGUxMDhiMzc0M2NjYzVjY2Q5MWZhODhlNDBkYTYyMTdlNDp7Il9sYW5ndWFnZSI6ImVuIn0="}, "model": "sessions.session", "pk": "bwx4fzjv1m0fcpnadwj57gv0dxmoeerf"}, {"fields": {"expire_date": "2015-05-27T11:35:33.565Z", "session_data": "MTZhMjY2NDA4MDJhM2I4Njk4ZTNiMTIwZTJiZGVkZGM1YWRlNDNiNTp7Il9hdXRoX3VzZXJfaGFzaCI6IjZlMTYzYjI1MzdlYTk3NjBkZDNlNzI3Mzg3YjgyNTA5NmUzY2NiODciLCJfYXV0aF91c2VyX2JhY2tlbmQiOiJkamFuZ28uY29udHJpYi5hdXRoLmJhY2tlbmRzLk1vZGVsQmFja2VuZCIsIl9hdXRoX3VzZXJfaWQiOiIxIn0="}, "model": "sessions.session", "pk": "gyglfyj189gi95u0izeglda3xngxq5i7"}, {"fields": {"category": "LA", "date": "2015-05-09", "name": "Python", "weight": 0, "icon": "./48px-Python.svg.png"}, "model": "website.technicalskill", "pk": 2}, {"fields": {"category": "DA", "date": "2015-05-09", "name": "PostgreSQL", "weight": 0, "icon": "./postgresql_48x48.png"}, "model": "website.technicalskill", "pk": 3}, {"fields": {"category": "DA", "date": "2015-05-09", "name": "MariaDB", "weight": 0, "icon": "./MariaDB-seal_med.png"}, "model": "website.technicalskill", "pk": 5}, {"fields": {"category": "DA", "date": "2015-05-09", "name": "SQLite", "weight": 0, "icon": "./Sqlite-square-icon.png"}, "model": "website.technicalskill", "pk": 6}, {"fields": {"date": "2015-05-10", "weight": 0}, "model": "website.skill", "pk": 1}, {"fields": {"date": "2015-05-10", "weight": 0}, "model": "website.skill", "pk": 2}, {"fields": {"date": "2015-05-10", "weight": 0}, "model": "website.skill", "pk": 3}, {"fields": {"date": "2015-05-10", "weight": 0}, "model": "website.skill", "pk": 4}, {"fields": {"date": "2015-05-10T16:27:57.356Z", "skill": 3, "description": "Ability to work within a team environment", "language": "en"}, "model": "website.skilltranslation", "pk": 1}, {"fields": {"date": "2015-05-10T16:27:57.356Z", "skill": 3, "description": "Aptitude au travail au sein d'une \u00e9quipe", "language": "fr"}, "model": "website.skilltranslation", "pk": 2}, {"fields": {"date": "2015-05-10T16:29:25.162Z", "skill": 2, "description": "Great capacity to learn and integrate new technologies", "language": "en"}, "model": "website.skilltranslation", "pk": 3}, {"fields": {"date": "2015-05-10T16:29:25.162Z", "skill": 2, "description": "Forte capacit\u00e9 \u00e0 apprendre et assimiler de nouvelles technologies", "language": "fr"}, "model": "website.skilltranslation", "pk": 4}, {"fields": {"date": "2015-05-10T16:31:16.344Z", "skill": 1, "description": "I know how to lace up my shoes and to count two by two", "language": "en"}, "model": "website.skilltranslation", "pk": 5}, {"fields": {"date": "2015-05-10T16:31:16.344Z", "skill": 1, "description": "Je sais comment lacer mes chaussures et compter deux par deux", "language": "fr"}, "model": "website.skilltranslation", "pk": 6}, {"fields": {"date": "2015-05-10T17:43:55.052Z", "skill": 4, "description": "I know how to test grappelli", "language": "en"}, "model": "website.skilltranslation", "pk": 7}, {"fields": {"date": "2015-05-10T17:43:55.052Z", "skill": 4, "description": "Je sais comment tester grappelli", "language": "fr"}, "model": "website.skilltranslation", "pk": 8}, {"fields": {"year_to": 2014, "year_from": 2013, "employer": "Epitech Lille"}, "model": "website.experience", "pk": 1}, {"fields": {"year_to": null, "year_from": 2026, "employer": "Google"}, "model": "website.experience", "pk": 2}, {"fields": {"date": "2015-05-10T19:07:17.388Z", "experience": 1, "language": "fr", "title": "Assistant p\u00e9dagogique et d\u00e9veloppeur"}, "model": "website.experiencetranslation", "pk": 1}, {"fields": {"date": "2015-05-10T19:07:17.389Z", "experience": 1, "language": "en", "title": "Teaching assistant and developer"}, "model": "website.experiencetranslation", "pk": 2}, {"fields": {"date": "2015-05-12T12:09:20.082Z", "experience": 2, "language": "fr", "title": "PDG"}, "model": "website.experiencetranslation", "pk": 3}, {"fields": {"date": "2015-05-12T12:09:20.082Z", "experience": 2, "language": "en", "title": "CEO"}, "model": "website.experiencetranslation", "pk": 4}, {"fields": {"experiencetranslation": 1, "description": "R\u00e9alisation d'une plate-forme web  de championnat de Corewar supportant 1000 participants. D\u00e9veloppement en C++ de la VM, d'un Assembleur, et d'un syst\u00e8me de gestion des matches r\u00e9actif capable de parall\u00e9liser plusieurs VM."}, "model": "website.experiencetask", "pk": 1}, {"fields": {"experiencetranslation": 2, "description": "Build a web platform for a Corewar \tchampionship with 1000 participants. In C++, wrote a VM, an Assembler, and a responsive match manager handling multiple paralleled VM."}, "model": "website.experiencetask", "pk": 2}, {"fields": {"experiencetranslation": 1, "description": "D\u00e9veloppement  et int\u00e9gration d'un module d'examen d'anglais sur l'ENT de l'\u00e9cole avec Symfony."}, "model": "website.experiencetask", "pk": 3}, {"fields": {"experiencetranslation": 2, "description": "Wrote and integrated an English test  bundle to  the digital work space  of the school with Symfony."}, "model": "website.experiencetask", "pk": 4}, {"fields": {"year_to": 2012, "year_from": 2011}, "model": "website.education", "pk": 1}, {"fields": {"year_to": 2014, "year_from": 2012}, "model": "website.education", "pk": 2}, {"fields": {"year_to": null, "year_from": 2014}, "model": "website.education", "pk": 3}, {"fields": {"date": "2015-05-12T15:18:35.341Z", "school": "Lyc\u00e9e Raymond Queneau V. D'Ascq", "education": 1, "language": "fr", "title": "Baccalaur\u00e9at S mention bien"}, "model": "website.educationtranslation", "pk": 1}, {"fields": {"date": "2015-05-12T15:18:35.341Z", "school": "High School Raymond Queneau V. D'Ascq ", "education": 1, "language": "en", "title": "Baccalaureat scientific with honors"}, "model": "website.educationtranslation", "pk": 2}, {"fields": {"date": "2015-05-12T15:20:33.611Z", "school": "Epitech Lille (\u00c9cole d'infomatique)", "education": 2, "language": "fr", "title": "2 ans"}, "model": "website.educationtranslation", "pk": 3}, {"fields": {"date": "2015-05-12T15:20:33.612Z", "school": "Epitech Lille (School of Computer Science)", "education": 2, "language": "en", "title": "2 years"}, "model": "website.educationtranslation", "pk": 4}, {"fields": {"date": "2015-05-12T15:23:24.394Z", "school": "Universit\u00e9 Lille 1", "education": 3, "language": "fr", "title": "License informatique"}, "model": "website.educationtranslation", "pk": 5}, {"fields": {"date": "2015-05-12T15:23:24.395Z", "school": "Lille 1 University", "education": 3, "language": "en", "title": "Bachelor of Computer Science"}, "model": "website.educationtranslation", "pk": 6}, {"fields": {"date": "2015-05-11", "weight": 0}, "model": "website.extra", "pk": 1}, {"fields": {"date": "2015-05-11", "weight": 0}, "model": "website.extra", "pk": 2}, {"fields": {"date": "2015-05-11", "weight": 3}, "model": "website.extra", "pk": 3}, {"fields": {"date": "2015-05-11", "weight": 4}, "model": "website.extra", "pk": 4}, {"fields": {"date": "2015-05-11", "weight": 3}, "model": "website.extra", "pk": 5}, {"fields": {"date": "2015-05-11", "weight": 0}, "model": "website.extra", "pk": 6}, {"fields": {"date": "2015-05-11T08:11:20.850Z", "description": "", "name": "bande d\u00e9ssin\u00e9e", "language": "fr", "extra": 1}, "model": "website.extratranslation", "pk": 1}, {"fields": {"date": "2015-05-11T08:11:20.850Z", "description": "", "name": "comic strip", "language": "en", "extra": 1}, "model": "website.extratranslation", "pk": 2}, {"fields": {"date": "2015-05-11T08:12:18.223Z", "description": "", "name": "cin\u00e9ma", "language": "fr", "extra": 2}, "model": "website.extratranslation", "pk": 3}, {"fields": {"date": "2015-05-11T08:12:18.223Z", "description": "", "name": "cinema", "language": "en", "extra": 2}, "model": "website.extratranslation", "pk": 4}, {"fields": {"date": "2015-05-11T08:16:27.004Z", "description": "musicien et amateur de jazz", "name": "musique", "language": "fr", "extra": 3}, "model": "website.extratranslation", "pk": 5}, {"fields": {"date": "2015-05-11T08:16:27.005Z", "description": "musician and jazz lover", "name": "music", "language": "en", "extra": 3}, "model": "website.extratranslation", "pk": 6}, {"fields": {"date": "2015-05-11T08:46:24.684Z", "description": "domotique (bricolage), r\u00e9seau, Rasberry Pi, serveur d\u00e9di\u00e9, d\u00e9veloppement et contribution open-source, r\u00e9paration...", "name": "informatique et electronique", "language": "fr", "extra": 4}, "model": "website.extratranslation", "pk": 7}, {"fields": {"date": "2015-05-11T08:46:24.684Z", "description": "low cost home automation, network, Raspberry Pi, dedicated server, development and contribution, repairs...", "name": "computers and electronics", "language": "en", "extra": 4}, "model": "website.extratranslation", "pk": 8}, {"fields": {"date": "2015-05-11T08:52:08.444Z", "description": "", "name": "projets collectifs et activit\u00e9s associatives", "language": "fr", "extra": 5}, "model": "website.extratranslation", "pk": 9}, {"fields": {"date": "2015-05-11T08:52:08.444Z", "description": "", "name": "collective projects and activities in non-profit organizations", "language": "en", "extra": 5}, "model": "website.extratranslation", "pk": 10}, {"fields": {"date": "2015-05-11T08:56:04.722Z", "description": "", "name": "botanique", "language": "fr", "extra": 6}, "model": "website.extratranslation", "pk": 11}, {"fields": {"date": "2015-05-11T08:56:04.722Z", "description": "", "name": "botany", "language": "en", "extra": 6}, "model": "website.extratranslation", "pk": 12}, {"fields": {"city": "Lille", "github": "https://github.com/DBarthe", "firstname": "Barth\u00e9l\u00e9my", "lastname": "Delemotte", "birthdate": "1994-10-31", "phone": "06.59.34.29.84", "country": "France", "date": "2015-05-12T21:54:56.604Z", "email": "barthelemy.delemotte@gmail.com", "street_address": "29 bis rue de belle vue", "zip_code": "59800"}, "model": "website.profile", "pk": 1}, {"fields": {"date": "2015-05-13T08:30:04.171Z", "profiles": 1, "language": "fr", "title": "\u00c9tudiant en Informatique"}, "model": "website.profiletranslation", "pk": 1}, {"fields": {"date": "2015-05-13T08:30:04.171Z", "profiles": 1, "language": "en", "title": "Computer Science Student"}, "model": "website.profiletranslation", "pk": 2}, {"fields": {"action_flag": 1, "action_time": "2015-05-09T13:13:25.093Z", "object_repr": "Python", "object_id": "1", "change_message": "", "user": ["barth"], "content_type": ["website", "technicalskill"]}, "model": "admin.logentry", "pk": 1}, {"fields": {"action_flag": 3, "action_time": "2015-05-09T14:12:51.152Z", "object_repr": "Python", "object_id": "1", "change_message": "", "user": ["barth"], "content_type": ["website", "technicalskill"]}, "model": "admin.logentry", "pk": 2}, {"fields": {"action_flag": 1, "action_time": "2015-05-09T14:17:07.930Z", "object_repr": "Python", "object_id": "2", "change_message": "", "user": ["barth"], "content_type": ["website", "technicalskill"]}, "model": "admin.logentry", "pk": 3}, {"fields": {"action_flag": 1, "action_time": "2015-05-09T17:02:25.929Z", "object_repr": "PostgreSQL", "object_id": "3", "change_message": "", "user": ["barth"], "content_type": ["website", "technicalskill"]}, "model": "admin.logentry", "pk": 4}, {"fields": {"action_flag": 1, "action_time": "2015-05-09T17:02:42.318Z", "object_repr": "TOTO", "object_id": "4", "change_message": "", "user": ["barth"], "content_type": ["website", "technicalskill"]}, "model": "admin.logentry", "pk": 5}, {"fields": {"action_flag": 3, "action_time": "2015-05-09T21:59:05.668Z", "object_repr": "TOTO", "object_id": "4", "change_message": "", "user": ["barth"], "content_type": ["website", "technicalskill"]}, "model": "admin.logentry", "pk": 6}, {"fields": {"action_flag": 2, "action_time": "2015-05-09T22:03:45.688Z", "object_repr": "PostgreSQL", "object_id": "3", "change_message": "Changed icon.", "user": ["barth"], "content_type": ["website", "technicalskill"]}, "model": "admin.logentry", "pk": 7}, {"fields": {"action_flag": 1, "action_time": "2015-05-09T22:05:28.384Z", "object_repr": "MariaDB", "object_id": "5", "change_message": "", "user": ["barth"], "content_type": ["website", "technicalskill"]}, "model": "admin.logentry", "pk": 8}, {"fields": {"action_flag": 2, "action_time": "2015-05-09T22:06:30.581Z", "object_repr": "MariaDB", "object_id": "5", "change_message": "Changed category.", "user": ["barth"], "content_type": ["website", "technicalskill"]}, "model": "admin.logentry", "pk": 9}, {"fields": {"action_flag": 1, "action_time": "2015-05-09T22:09:36.005Z", "object_repr": "SQLite", "object_id": "6", "change_message": "", "user": ["barth"], "content_type": ["website", "technicalskill"]}, "model": "admin.logentry", "pk": 10}, {"fields": {"action_flag": 2, "action_time": "2015-05-09T22:13:34.904Z", "object_repr": "SQLite", "object_id": "6", "change_message": "Changed icon.", "user": ["barth"], "content_type": ["website", "technicalskill"]}, "model": "admin.logentry", "pk": 11}, {"fields": {"action_flag": 1, "action_time": "2015-05-10T14:12:20.602Z", "object_repr": "Skill object", "object_id": "1", "change_message": "", "user": ["barth"], "content_type": ["website", "skill"]}, "model": "admin.logentry", "pk": 12}, {"fields": {"action_flag": 2, "action_time": "2015-05-10T14:22:16.101Z", "object_repr": "en: Ability to work in team...", "object_id": "1", "change_message": "Aucun champ modifi\u00e9.", "user": ["barth"], "content_type": ["website", "skill"]}, "model": "admin.logentry", "pk": 13}, {"fields": {"action_flag": 1, "action_time": "2015-05-10T14:27:26.443Z", "object_repr": "en: Great capacity to learn and integrate ne...", "object_id": "2", "change_message": "", "user": ["barth"], "content_type": ["website", "skill"]}, "model": "admin.logentry", "pk": 14}, {"fields": {"action_flag": 2, "action_time": "2015-05-10T14:32:50.744Z", "object_repr": "en: Ability to work within a team environmen...", "object_id": "1", "change_message": "description modifi\u00e9 pour skill translate \u00ab\u00a0Ability to work within a team environment\u00a0\u00bb. description modifi\u00e9 pour skill translate \u00ab\u00a0Aptitude au travail au sein d'une \u00e9quipe\u00a0\u00bb.", "user": ["barth"], "content_type": ["website", "skill"]}, "model": "admin.logentry", "pk": 15}, {"fields": {"action_flag": 1, "action_time": "2015-05-10T14:36:38.340Z", "object_repr": "en: I know how to lace up my shoes, and to c...", "object_id": "3", "change_message": "", "user": ["barth"], "content_type": ["website", "skill"]}, "model": "admin.logentry", "pk": 16}, {"fields": {"action_flag": 2, "action_time": "2015-05-10T16:27:57.358Z", "object_repr": "en: Ability to work within a team environmen...", "object_id": "3", "change_message": "Added skill translation \"Ability to work within a team environment\". Added skill translation \"Aptitude au travail au sein d'une \u00e9quipe\".", "user": ["barth"], "content_type": ["website", "skill"]}, "model": "admin.logentry", "pk": 17}, {"fields": {"action_flag": 2, "action_time": "2015-05-10T16:29:25.163Z", "object_repr": "en: Great capacity to learn and integrate ne...", "object_id": "2", "change_message": "Added skill translation \"Great capacity to learn and integrate new technologies\". Added skill translation \"Forte capacit\u00e9 \u00e0 apprendre et assimiler de nouvelles technologies\".", "user": ["barth"], "content_type": ["website", "skill"]}, "model": "admin.logentry", "pk": 18}, {"fields": {"action_flag": 2, "action_time": "2015-05-10T16:31:16.345Z", "object_repr": "en: I know how to lace up my shoes and to co...", "object_id": "1", "change_message": "Added skill translation \"I know how to lace up my shoes and to count two by two\". Added skill translation \"Je sais comment lacer mes chaussures et compter deux par deux\".", "user": ["barth"], "content_type": ["website", "skill"]}, "model": "admin.logentry", "pk": 19}, {"fields": {"action_flag": 1, "action_time": "2015-05-10T17:43:55.053Z", "object_repr": "en: I know how to test grappelli...", "object_id": "4", "change_message": "", "user": ["barth"], "content_type": ["website", "skill"]}, "model": "admin.logentry", "pk": 20}, {"fields": {"action_flag": 1, "action_time": "2015-05-10T19:07:17.390Z", "object_repr": "Experience object", "object_id": "1", "change_message": "", "user": ["barth"], "content_type": ["website", "experience"]}, "model": "admin.logentry", "pk": 21}, {"fields": {"action_flag": 2, "action_time": "2015-05-10T19:16:59.934Z", "object_repr": "Experience object", "object_id": "1", "change_message": "Added experience task \"ExperienceTask object\". Added experience task \"ExperienceTask object\".", "user": ["barth"], "content_type": ["website", "experience"]}, "model": "admin.logentry", "pk": 22}, {"fields": {"action_flag": 2, "action_time": "2015-05-10T19:17:41.537Z", "object_repr": "Experience object", "object_id": "1", "change_message": "No fields changed.", "user": ["barth"], "content_type": ["website", "experience"]}, "model": "admin.logentry", "pk": 23}, {"fields": {"action_flag": 2, "action_time": "2015-05-10T19:43:44.602Z", "object_repr": "Epitech Lille", "object_id": "1", "change_message": "Changed description for experience task \"Build a web platform for a Corewar \tcham...\".", "user": ["barth"], "content_type": ["website", "experience"]}, "model": "admin.logentry", "pk": 24}, {"fields": {"action_flag": 1, "action_time": "2015-05-11T08:11:20.852Z", "object_repr": "en: comic strip...", "object_id": "1", "change_message": "", "user": ["barth"], "content_type": ["website", "extra"]}, "model": "admin.logentry", "pk": 25}, {"fields": {"action_flag": 1, "action_time": "2015-05-11T08:12:18.224Z", "object_repr": "en: cinema...", "object_id": "2", "change_message": "", "user": ["barth"], "content_type": ["website", "extra"]}, "model": "admin.logentry", "pk": 26}, {"fields": {"action_flag": 1, "action_time": "2015-05-11T08:16:27.006Z", "object_repr": "en: musician...", "object_id": "3", "change_message": "", "user": ["barth"], "content_type": ["website", "extra"]}, "model": "admin.logentry", "pk": 27}, {"fields": {"action_flag": 2, "action_time": "2015-05-11T08:17:05.378Z", "object_repr": "en: musician...", "object_id": "3", "change_message": "No fields changed.", "user": ["barth"], "content_type": ["website", "extra"]}, "model": "admin.logentry", "pk": 28}, {"fields": {"action_flag": 1, "action_time": "2015-05-11T08:46:24.685Z", "object_repr": "en: computers and electronics...", "object_id": "4", "change_message": "", "user": ["barth"], "content_type": ["website", "extra"]}, "model": "admin.logentry", "pk": 29}, {"fields": {"action_flag": 1, "action_time": "2015-05-11T08:52:08.445Z", "object_repr": "en: activities in non-profit organizations a...", "object_id": "5", "change_message": "", "user": ["barth"], "content_type": ["website", "extra"]}, "model": "admin.logentry", "pk": 30}, {"fields": {"action_flag": 1, "action_time": "2015-05-11T08:56:04.723Z", "object_repr": "en: None...", "object_id": "6", "change_message": "", "user": ["barth"], "content_type": ["website", "extra"]}, "model": "admin.logentry", "pk": 31}, {"fields": {"action_flag": 2, "action_time": "2015-05-11T08:56:15.582Z", "object_repr": "en: botany...", "object_id": "6", "change_message": "Changed language for extra translation \"botany\".", "user": ["barth"], "content_type": ["website", "extra"]}, "model": "admin.logentry", "pk": 32}, {"fields": {"action_flag": 2, "action_time": "2015-05-12T11:59:29.403Z", "object_repr": "Epitech Lille", "object_id": "1", "change_message": "Changed title for experience translation \"Assistant p\u00e9dagogique - D\u00e9veloppeur\". Changed title for experience translation \"Teaching assistant  - Developer\".", "user": ["barth"], "content_type": ["website", "experience"]}, "model": "admin.logentry", "pk": 33}, {"fields": {"action_flag": 2, "action_time": "2015-05-12T11:59:45.841Z", "object_repr": "Epitech Lille", "object_id": "1", "change_message": "Changed title for experience translation \"Assistant p\u00e9dagogique et D\u00e9veloppeur\". Changed title for experience translation \"Teaching assistant and Developer\".", "user": ["barth"], "content_type": ["website", "experience"]}, "model": "admin.logentry", "pk": 34}, {"fields": {"action_flag": 1, "action_time": "2015-05-12T12:09:20.083Z", "object_repr": "Google", "object_id": "2", "change_message": "", "user": ["barth"], "content_type": ["website", "experience"]}, "model": "admin.logentry", "pk": 35}, {"fields": {"action_flag": 2, "action_time": "2015-05-12T12:29:46.686Z", "object_repr": "en: music...", "object_id": "3", "change_message": "Changed name for extra translation \"music\".", "user": ["barth"], "content_type": ["website", "extra"]}, "model": "admin.logentry", "pk": 36}, {"fields": {"action_flag": 2, "action_time": "2015-05-12T12:30:29.423Z", "object_repr": "en: computers and electronics...", "object_id": "4", "change_message": "Changed weight.", "user": ["barth"], "content_type": ["website", "extra"]}, "model": "admin.logentry", "pk": 37}, {"fields": {"action_flag": 2, "action_time": "2015-05-12T12:30:39.045Z", "object_repr": "en: music...", "object_id": "3", "change_message": "Changed weight.", "user": ["barth"], "content_type": ["website", "extra"]}, "model": "admin.logentry", "pk": 38}, {"fields": {"action_flag": 2, "action_time": "2015-05-12T12:30:58.780Z", "object_repr": "en: activities in non-profit organizations a...", "object_id": "5", "change_message": "Changed weight.", "user": ["barth"], "content_type": ["website", "extra"]}, "model": "admin.logentry", "pk": 39}, {"fields": {"action_flag": 2, "action_time": "2015-05-12T12:31:34.504Z", "object_repr": "en: activities in non-profit organizations...", "object_id": "5", "change_message": "Changed name for extra translation \"activit\u00e9s associatives\". Changed name for extra translation \"activities in non-profit organizations\".", "user": ["barth"], "content_type": ["website", "extra"]}, "model": "admin.logentry", "pk": 40}, {"fields": {"action_flag": 2, "action_time": "2015-05-12T12:33:51.334Z", "object_repr": "en: computers and electronics...", "object_id": "4", "change_message": "Changed description for extra translation \"informatique et electronique\".", "user": ["barth"], "content_type": ["website", "extra"]}, "model": "admin.logentry", "pk": 41}, {"fields": {"action_flag": 2, "action_time": "2015-05-12T12:34:44.438Z", "object_repr": "en: computers and electronics...", "object_id": "4", "change_message": "Changed description for extra translation \"computers and electronics\".", "user": ["barth"], "content_type": ["website", "extra"]}, "model": "admin.logentry", "pk": 42}, {"fields": {"action_flag": 2, "action_time": "2015-05-12T12:36:01.031Z", "object_repr": "en: computers and electronics...", "object_id": "4", "change_message": "Changed description for extra translation \"informatique et electronique\".", "user": ["barth"], "content_type": ["website", "extra"]}, "model": "admin.logentry", "pk": 43}, {"fields": {"action_flag": 2, "action_time": "2015-05-12T12:37:35.063Z", "object_repr": "en: music...", "object_id": "3", "change_message": "description modifi\u00e9 pour extra translation \u00ab\u00a0musique\u00a0\u00bb. description modifi\u00e9 pour extra translation \u00ab\u00a0music\u00a0\u00bb.", "user": ["barth"], "content_type": ["website", "extra"]}, "model": "admin.logentry", "pk": 44}, {"fields": {"action_flag": 2, "action_time": "2015-05-12T12:38:00.929Z", "object_repr": "en: comic strip...", "object_id": "1", "change_message": "name modifi\u00e9 pour extra translation \u00ab\u00a0bande d\u00e9ssin\u00e9e\u00a0\u00bb.", "user": ["barth"], "content_type": ["website", "extra"]}, "model": "admin.logentry", "pk": 45}, {"fields": {"action_flag": 2, "action_time": "2015-05-12T12:40:39.405Z", "object_repr": "en: collective projects and activities in no...", "object_id": "5", "change_message": "name modifi\u00e9 pour extra translation \u00ab\u00a0projets collectifs et activit\u00e9s associatives\u00a0\u00bb. name modifi\u00e9 pour extra translation \u00ab\u00a0collective projects and activities in non-profit organizations\u00a0\u00bb.", "user": ["barth"], "content_type": ["website", "extra"]}, "model": "admin.logentry", "pk": 46}, {"fields": {"action_flag": 1, "action_time": "2015-05-12T15:18:35.343Z", "object_repr": "High School Raymond Queneau V. D'Ascq ", "object_id": "1", "change_message": "", "user": ["barth"], "content_type": ["website", "education"]}, "model": "admin.logentry", "pk": 47}, {"fields": {"action_flag": 1, "action_time": "2015-05-12T15:20:33.613Z", "object_repr": "Epitech Lille", "object_id": "2", "change_message": "", "user": ["barth"], "content_type": ["website", "education"]}, "model": "admin.logentry", "pk": 48}, {"fields": {"action_flag": 1, "action_time": "2015-05-12T15:23:24.396Z", "object_repr": "Lille 1 University", "object_id": "3", "change_message": "", "user": ["barth"], "content_type": ["website", "education"]}, "model": "admin.logentry", "pk": 49}, {"fields": {"action_flag": 2, "action_time": "2015-05-12T15:30:20.202Z", "object_repr": "Epitech Lille (School of Computer Science)", "object_id": "2", "change_message": "Changed school for education translation \"Epitech Lille (\u00c9cole d'infomatique)\". Changed school for education translation \"Epitech Lille (School of Computer Science)\".", "user": ["barth"], "content_type": ["website", "education"]}, "model": "admin.logentry", "pk": 50}, {"fields": {"action_flag": 1, "action_time": "2015-05-12T21:54:56.605Z", "object_repr": "Barth\u00e9l\u00e9my Delemotte", "object_id": "1", "change_message": "", "user": ["barth"], "content_type": ["website", "profile"]}, "model": "admin.logentry", "pk": 51}, {"fields": {"action_flag": 2, "action_time": "2015-05-13T08:30:04.172Z", "object_repr": "Barth\u00e9l\u00e9my Delemotte", "object_id": "1", "change_message": "profile translation \u00ab\u00a0ProfileTranslation object\u00a0\u00bb ajout\u00e9. profile translation \u00ab\u00a0ProfileTranslation object\u00a0\u00bb ajout\u00e9.", "user": ["barth"], "content_type": ["website", "profile"]}, "model": "admin.logentry", "pk": 52}, {"fields": {"action_flag": 2, "action_time": "2015-05-13T08:30:07.437Z", "object_repr": "Barth\u00e9l\u00e9my Delemotte", "object_id": "1", "change_message": "Aucun champ modifi\u00e9.", "user": ["barth"], "content_type": ["website", "profile"]}, "model": "admin.logentry", "pk": 53}]